Александр,Агеев
Варвара,Агеева
Максим,Акимов
Анна,Александрова
Григорий,Алексеев
Дмитрий,Ананьев
Виктория,Андреева
Вероника,Андреева
Савелий,Антипов
Ярослава,Антипова
Фёдор,Антонов
Максим,Антонов
Варвара,Антонова
Надежда,Антонова
Михаил,Артамонов
София,Архипова
Андрей,Баженов
Антон,Баранов
Арина,Барсукова
Алиса,Беликова
Денис,Белоусов
Артём,Белоусов
Илья,Беляев
Кира,Блинова
Иван,Блохин
Алиса,Боброва
Артём,Богданов
Иван,Борисов
Лука,Борисов
Александра,Борисова
Варвара,Борисова
Полина,Бородина
Станислав,Булгаков
Мария,Быкова
Василиса,Быкова
Мирон,Вавилов
Мария,Васильева
Кристина,Вишневская
Дмитрий,Владимиров
Дарина,Власова
Евгения,Волкова
София,Волкова
Ирина,Волкова
Юлия,Волкова
Михаил,Воробьев
Вероника,Воробьева
София,Воробьева
Игорь,Воронин
Марк,Герасимов
София,Герасимова
Святослав,Глушков
Марат,Головин
Иван,Голубев
Даниил,Голубев
Леонид,Голубев
Мария,Горбачева
Дарья,Горбачева
Максим,Горлов
София,Горшкова
Полина,Григорьева
Ксения,Григорьева
Ярослав,Гришин
Екатерина,Гришина
Артём,Громов
София,Громова
Лука,Гусев
Дмитрий,Гусев
София,Гусева
София,Давыдова
Даниил,Данилов
Даниил,Дементьев
Любовь,Демидова
Иван,Демин
Ульяна,Демина
Сергей,Дубов
Дарья,Дубровина
Даниил,Егоров
Артём,Егоров
Филипп,Егоров
Александра,Егорова
Михаил,Емельянов
Артём,Ермаков
Виктория,Ермолова
Виктория,Ефремова
Дарья,Жукова
Александр,Зайцев
Полина,Зайцева
Кристина,Зайцева
Николай,Захаров
София,Захарова
Василиса,Захарова
Елизавета,Захарова
Екатерина,Зеленина
Милана,Золотова
Маргарита,Зубова
Степан,Иванов
Николай,Иванов
Платон,Иванов
Василиса,Иванова
Юлия,Иванова
Арина,Иванова
Елизавета,Иванова
Варвара,Иванова
Сергей,Игнатов
Анна,Игнатьева
Анастасия,Ильина
Полина,Ильина
Артём,Исаев
Олег,Исаев
Виктор,Казаков
Александр,Казанцев
Илья,Калачев
Николай,Калмыков
Михаил,Карпов
Тимофей,Карпов
Елизавета,Карпова
Дарья,Карпова
Арина,Кириллова
София,Кириллова
Даниил,Ковалев
Михаил,Козлов
Егор,Козлов
Анна,Козловская
Кирилл,Козловский
Ника,Колесникова
Лука,Комиссаров
Иван,Кондратьев
Филипп,Кондратьев
Владимир,Кононов
Евгения,Копылова
Андрей,Корнеев
Злата,Королева
Макар,Корольков
Александра,Костина
Анна,Костина
Алиса,Котова
Михаил,Крылов
Тимофей,Крылов
Анна,Кудряшова
Роман,Кузнецов
Василий,Кузнецов
Герман,Кузнецов
Мирон,Кузнецов
Мария,Кузнецова
Илья,Кузьмин
Артём,Куликов
Нина,Куликова
София,Лаврова
Полина,Лапшина
Леонид,Лебедев
Андрей,Лебедев
Илья,Лебедев
Герман,Лебедев
Алиса,Лебедева
Александра,Лебедева
Иван,Левин
Марк,Левин
София,Леонова
Полина,Леонтьева
Владислав,Литвинов
Таисия,Литвинова
Максим,Лосев
Андрей,Лосев
Михаил,Лыков
Михаил,Любимов
Мирон,Макаров
Дмитрий,Макаров
Анастасия,Макарова
Артём,Максимов
Елизавета,Малышева
Ева,Малышева
Александр,Марков
Иван,Медведев
Степан,Мельников
Илья,Мельников
Илья,Михайлов
Екатерина,Михайлова
Екатерина,Михеева
Ярослав,Молчанов
Алиса,Морозова
Ульяна,Мухина
Илья,Назаров
Александра,Назарова
Кирилл,Наумов
Леонид,Нестеров
Всеволод,Нестеров
Тимофей,Нечаев
Ксения,Нечаева
Демид,Никитин
Екатерина,Никитина
Игорь,Никифоров
Василиса,Никифорова
Александр,Николаев
Ксения,Николаева
Тимофей,Новиков
Кристина,Новикова
Мария,Новикова
Григорий,Овчинников
Илья,Овчинников
Даниил,Овчинников
Ангелина,Одинцова
Михаил,Орлов
Роман,Павлов
Виктория,Павлова
Вероника,Панкратова
Арина,Панова
Антон,Пантелеев
Алексей,Петров
Марк,Петров
Полина,Петрова
Мария,Полякова
Матвей,Попов
Александр,Попов
Даниил,Попов
Ирина,Попова
Анна,Попова
Валерия,Попова
Ярослав,Прокофьев
Ульяна,Прохорова
Екатерина,Пугачева
Вера,Ракова
Кира,Родина
Степан,Романов
Мария,Романова
Мия,Романова
Василий,Рубцов
Денис,Рябов
Виктория,Самсонова
Валерий,Сахаров
Арсений,Семенов
Макар,Семенов
Полина,Семенова
Ева,Семенова
Сергей,Сергеев
Георгий,Сергеев
Михаил,Сергеев
Валерия,Сергеева
Артём,Серов
Александра,Сидорова
Василиса,Симонова
Ева,Симонова
Екатерина,Симонова
Егор,Синицын
Алёна,Ситникова
Марк,Смирнов
Михаил,Смирнов
Елизавета,Смирнова
Арина,Смирнова
Валерия,Смирнова
Полина,Смирнова
Александр,Соболев
Дмитрий,Соболев
Андрей,Соколов
Алиса,Соколова
Ника,Соколова
Степан,Соловьев
Дарья,Соловьева
Майя,Соловьева
Анна,Сорокина
Валерия,Софронова
Александр,Спиридонов
Анастасия,Спиридонова
Арсений,Стариков
Злата,Старостина
Ангелина,Степанова
Валентина,Степанова
Константин,Столяров
Варвара,Судакова
Филипп,Сычев
Екатерина,Тимофеева
Кристина,Тимофеева
Ян,Тихонов
Илья,Тихонов
Олеся,Тихонова
Мария,Тихонова
Диана,Трифонова
Виктория,Трофимова
Александр,Уваров
Артём,Ульянов
Марк,Успенский
Глеб,Успенский
Ева,Устинова
Даниил,Фадеев
Мария,Федорова
Алиса,Фетисова
Александра,Филатова
Святослав,Филимонов
Евгения,Филиппова
Георгий,Фокин
Сергей,Фролов
Даниил,Черкасов
Варвара,Чернышева
Зоя,Чернышева
Вера,Чернышева
Варвара,Швецова
Вероника,Ширяева
Лев,Шувалов
Мирон,Щербаков
Анастасия,Щербакова
Степан,Яшин
